jurisdiction_code,title,form_template_key,form_template_label,template_category,route_sensitive,qdmtt_context_expected,manual_review_required
AU,Domestic and Global Minimum Tax Return (Standard),COMBINED_LOCAL_TOP_UP_TAX_RETURN,Combined / local top-up tax return,Return,No,Maybe,Yes
AU,Domestic and Global Minimum Tax Return (Transitional Year),COMBINED_LOCAL_TOP_UP_TAX_RETURN,Combined / local top-up tax return,Return,No,Maybe,Yes
AU,Double Filing Relief Notification (Standard),FOREIGN_LODGMENT_NOTIFICATION,Foreign lodgment / double filing relief notification,Notification,No,No,No
AU,Double Filing Relief Notification (Transitional Year),FOREIGN_LODGMENT_NOTIFICATION,Foreign lodgment / double filing relief notification,Notification,No,No,No
AU,GloBE Information Return - Standard,LOCAL_GIR_FILING,GloBE Information Return / local GIR filing,GIR filing,Yes,No,No
AU,GloBE Information Return - Transitional,LOCAL_GIR_FILING,GloBE Information Return / local GIR filing,GIR filing,Yes,No,No
AU,Payment (Standard),PAYMENT,Payment / instalment / balancing payment,Payment,No,No,No
AU,Payment (Transitional Year),PAYMENT,Payment / instalment / balancing payment,Payment,No,No,No
AS,Designated Entity Notification,OTHER_PILLAR_TWO_NOTIFICATION,Other Pillar Two notification / election,Notification,No,No,Yes
AS,Double Filing Relief Notification (Standard),FOREIGN_LODGMENT_NOTIFICATION,Foreign lodgment / double filing relief notification,Notification,No,No,No
AS,Double Filing Relief Notification (Transitional Year),FOREIGN_LODGMENT_NOTIFICATION,Foreign lodgment / double filing relief notification,Notification,No,No,No
AS,GloBE Information Return - Standard,LOCAL_GIR_FILING,GloBE Information Return / local GIR filing,GIR filing,Yes,No,No
AS,GloBE Information Return - Transitional,LOCAL_GIR_FILING,GloBE Information Return / local GIR filing,GIR filing,Yes,No,No
AS,GloBE Tax Return,COMBINED_LOCAL_TOP_UP_TAX_RETURN,GloBE / local top-up tax return,Return,No,No,Yes
AS,Payment,PAYMENT,Payment / instalment / balancing payment,Payment,No,No,No
BES,Double Filing Relief Notification (Standard),FOREIGN_LODGMENT_NOTIFICATION,Foreign lodgment / double filing relief notification,Notification,No,No,No
BES,Double Filing Relief Notification (Transitional Year),FOREIGN_LODGMENT_NOTIFICATION,Foreign lodgment / double filing relief notification,Notification,No,No,No
BES,GloBE Information Return - Standard,LOCAL_GIR_FILING,GloBE Information Return / local GIR filing,GIR filing,Yes,No,No
BES,GloBE Information Return - Transitional,LOCAL_GIR_FILING,GloBE Information Return / local GIR filing,GIR filing,Yes,No,No
BES,GloBE Tax Return,COMBINED_LOCAL_TOP_UP_TAX_RETURN,GloBE / local top-up tax return,Return,No,No,Yes
BES,GloBE Tax Return (Transitional Year),COMBINED_LOCAL_TOP_UP_TAX_RETURN,GloBE / local top-up tax return,Return,No,No,Yes
BES,Payment,PAYMENT,Payment / instalment / balancing payment,Payment,No,No,No
BES,Payment (Transitional Year),PAYMENT,Payment / instalment / balancing payment,Payment,No,No,No
BS,Double Filing Relief Notification (Standard),FOREIGN_LODGMENT_NOTIFICATION,Foreign lodgment / double filing relief notification,Notification,No,No,No
BS,Double Filing Relief Notification (Transitional Year),FOREIGN_LODGMENT_NOTIFICATION,Foreign lodgment / double filing relief notification,Notification,No,No,No
BS,GloBE Information Return - Standard,LOCAL_GIR_FILING,GloBE Information Return / local GIR filing,GIR filing,Yes,No,No
BS,GloBE Information Return - Transitional,LOCAL_GIR_FILING,GloBE Information Return / local GIR filing,GIR filing,Yes,No,No
BS,Payment (Standard),PAYMENT,Payment / instalment / balancing payment,Payment,No,No,No
BS,Payment (Transitional),PAYMENT,Payment / instalment / balancing payment,Payment,No,No,No
BS,Pre-Registration Form,REGISTRATION_PORTAL_ACCESS,Registration / portal access,Registration,No,No,No
BH,GloBE Return,COMBINED_LOCAL_TOP_UP_TAX_RETURN,GloBE / local top-up tax return,Return,No,No,Yes
BH,Registration (Entities in Scope at 01.01.2025),REGISTRATION_PORTAL_ACCESS,Registration / portal access,Registration,No,No,No
BH,Registration Form,REGISTRATION_PORTAL_ACCESS,Registration / portal access,Registration,No,No,No
BB,Registration Form,REGISTRATION_PORTAL_ACCESS,Registration / portal access,Registration,No,No,No
BE,DMTT Return,QDMTT_RETURN,DMTT / QDMTT return,Return,No,Yes,No
BE,DMTT Return (Transitional),QDMTT_RETURN,DMTT / QDMTT return,Return,No,Yes,No
BE,Double Filing Relief Notification (Standard),FOREIGN_LODGMENT_NOTIFICATION,Foreign lodgment / double filing relief notification,Notification,No,No,No
BE,Double Filing Relief Notification (Transitional Year),FOREIGN_LODGMENT_NOTIFICATION,Foreign lodgment / double filing relief notification,Notification,No,No,No
BE,GloBE Information Return - Standard,LOCAL_GIR_FILING,GloBE Information Return / local GIR filing,GIR filing,Yes,No,No
BE,GloBE Information Return - Transitional,LOCAL_GIR_FILING,GloBE Information Return / local GIR filing,GIR filing,Yes,No,No
BE,GloBE Return (Standard),COMBINED_LOCAL_TOP_UP_TAX_RETURN,GloBE / local top-up tax return,Return,No,No,Yes
BE,GloBE Return (Transitional),COMBINED_LOCAL_TOP_UP_TAX_RETURN,GloBE / local top-up tax return,Return,No,No,Yes
BE,Registration,REGISTRATION_PORTAL_ACCESS,Registration / portal access,Registration,No,No,No
BZ,Inclusion in DCTFWeb,REGISTRATION_PORTAL_ACCESS,Registration / portal access,Registration,No,No,No
BZ,Payment,PAYMENT,Payment / instalment / balancing payment,Payment,No,No,No
BG,DMTT Return (Standard),QDMTT_RETURN,DMTT / QDMTT return,Return,No,Yes,No
BG,DMTT Return (Transitional Year),QDMTT_RETURN,DMTT / QDMTT return,Return,No,Yes,No
BG,Double Filing Relief Notification (Standard),FOREIGN_LODGMENT_NOTIFICATION,Foreign lodgment / double filing relief notification,Notification,No,No,No
BG,Double Filing Relief Notification (Transitional Year),FOREIGN_LODGMENT_NOTIFICATION,Foreign lodgment / double filing relief notification,Notification,No,No,No
BG,GloBE Information Return - Standard,LOCAL_GIR_FILING,GloBE Information Return / local GIR filing,GIR filing,Yes,No,No
BG,GloBE Information Return - Transitional,LOCAL_GIR_FILING,GloBE Information Return / local GIR filing,GIR filing,Yes,No,No
BG,GloBE Tax Return (Standard),COMBINED_LOCAL_TOP_UP_TAX_RETURN,GloBE / local top-up tax return,Return,No,No,Yes
BG,GloBE Tax Return (Transitional Year),COMBINED_LOCAL_TOP_UP_TAX_RETURN,GloBE / local top-up tax return,Return,No,No,Yes
CA,DMTT Return (Standard),QDMTT_RETURN,DMTT / QDMTT return,Return,No,Yes,No
CA,DMTT Return (Transitional Year),QDMTT_RETURN,DMTT / QDMTT return,Return,No,Yes,No
CA,Double Filing Relief Notification (Standard),FOREIGN_LODGMENT_NOTIFICATION,Foreign lodgment / double filing relief notification,Notification,No,No,No
CA,Double Filing Relief Notification (Transitional Year),FOREIGN_LODGMENT_NOTIFICATION,Foreign lodgment / double filing relief notification,Notification,No,No,No
CA,GloBE Information Return - Standard,LOCAL_GIR_FILING,GloBE Information Return / local GIR filing,GIR filing,Yes,No,No
CA,GloBE Information Return - Transitional,LOCAL_GIR_FILING,GloBE Information Return / local GIR filing,GIR filing,Yes,No,No
CA,GloBE Tax Return (Standard),COMBINED_LOCAL_TOP_UP_TAX_RETURN,GloBE / local top-up tax return,Return,No,No,Yes
CA,GloBE Tax Return (Transitional Year),COMBINED_LOCAL_TOP_UP_TAX_RETURN,GloBE / local top-up tax return,Return,No,No,Yes
CA,Payment (Standard),PAYMENT,Payment / instalment / balancing payment,Payment,No,No,No
CA,Payment (Transitional),PAYMENT,Payment / instalment / balancing payment,Payment,No,No,No
CR,DMTT Return (Standard),QDMTT_RETURN,DMTT / QDMTT return,Return,No,Yes,No
CR,DMTT Return (Transitional),QDMTT_RETURN,DMTT / QDMTT return,Return,No,Yes,No
CR,Designated Entity Notification,OTHER_PILLAR_TWO_NOTIFICATION,Other Pillar Two notification / election,Notification,No,No,Yes
CR,Designated Entity Notification (Transitional Year),OTHER_PILLAR_TWO_NOTIFICATION,Other Pillar Two notification / election,Notification,No,No,Yes
CR,Designated Filing Entity (Transitional),OTHER_PILLAR_TWO_NOTIFICATION,Other Pillar Two notification / election,Notification,No,No,Yes
CR,Designated Filing Entity Notification (Standard),OTHER_PILLAR_TWO_NOTIFICATION,Other Pillar Two notification / election,Notification,No,No,Yes
CR,Double Filing Relief Notification (Standard),FOREIGN_LODGMENT_NOTIFICATION,Foreign lodgment / double filing relief notification,Notification,No,No,No
CR,Double Filing Relief Notification (Transitional Year),FOREIGN_LODGMENT_NOTIFICATION,Foreign lodgment / double filing relief notification,Notification,No,No,No
CR,GloBE Information Return - Standard,LOCAL_GIR_FILING,GloBE Information Return / local GIR filing,GIR filing,Yes,No,No
CR,GloBE Information Return - Transitional,LOCAL_GIR_FILING,GloBE Information Return / local GIR filing,GIR filing,Yes,No,No
CR,GloBE Tax Return (Standard),COMBINED_LOCAL_TOP_UP_TAX_RETURN,GloBE / local top-up tax return,Return,No,No,Yes
CR,GloBE Tax Return (Transitional),COMBINED_LOCAL_TOP_UP_TAX_RETURN,GloBE / local top-up tax return,Return,No,No,Yes
CR,Payment,PAYMENT,Payment / instalment / balancing payment,Payment,No,No,No
CR,Payment (Transitional),PAYMENT,Payment / instalment / balancing payment,Payment,No,No,No
CU,Double Filing Relief Notification (Standard),FOREIGN_LODGMENT_NOTIFICATION,Foreign lodgment / double filing relief notification,Notification,No,No,No
CU,Double Filing Relief Notification (Transitional Year),FOREIGN_LODGMENT_NOTIFICATION,Foreign lodgment / double filing relief notification,Notification,No,No,No
CU,GloBE Information Return - Standard,LOCAL_GIR_FILING,GloBE Information Return / local GIR filing,GIR filing,Yes,No,No
CU,GloBE Information Return - Transitional,LOCAL_GIR_FILING,GloBE Information Return / local GIR filing,GIR filing,Yes,No,No
CU,GloBE Tax Return,COMBINED_LOCAL_TOP_UP_TAX_RETURN,GloBE / local top-up tax return,Return,No,No,Yes
CU,GloBE Tax Return (Transitional Year),COMBINED_LOCAL_TOP_UP_TAX_RETURN,GloBE / local top-up tax return,Return,No,No,Yes
CU,Payment,PAYMENT,Payment / instalment / balancing payment,Payment,No,No,No
CU,Payment (Transitional Year),PAYMENT,Payment / instalment / balancing payment,Payment,No,No,No
CY,Double Filing Relief Notification (Standard),FOREIGN_LODGMENT_NOTIFICATION,Foreign lodgment / double filing relief notification,Notification,No,No,No
CY,Double Filing Relief Notification (Transitional Year),FOREIGN_LODGMENT_NOTIFICATION,Foreign lodgment / double filing relief notification,Notification,No,No,No
CY,GloBE Information Return - Standard,LOCAL_GIR_FILING,GloBE Information Return / local GIR filing,GIR filing,Yes,No,No
CY,GloBE Information Return - Transitional,LOCAL_GIR_FILING,GloBE Information Return / local GIR filing,GIR filing,Yes,No,No
CY,GloBE Tax Return,COMBINED_LOCAL_TOP_UP_TAX_RETURN,GloBE / local top-up tax return,Return,No,No,Yes
CY,GloBE Tax Return (Transitional),COMBINED_LOCAL_TOP_UP_TAX_RETURN,GloBE / local top-up tax return,Return,No,No,Yes
CY,Payment,PAYMENT,Payment / instalment / balancing payment,Payment,No,No,No
CY,Payment (Transitional Year),PAYMENT,Payment / instalment / balancing payment,Payment,No,No,No
CY,Registration,REGISTRATION_PORTAL_ACCESS,Registration / portal access,Registration,No,No,No
CY,Registration (Transitional Year),REGISTRATION_PORTAL_ACCESS,Registration / portal access,Registration,No,No,No
CZ,DMTT Return,QDMTT_RETURN,DMTT / QDMTT return,Return,No,Yes,No
CZ,Double Filing Relief Notification (Standard),FOREIGN_LODGMENT_NOTIFICATION,Foreign lodgment / double filing relief notification,Notification,No,No,No
CZ,Double Filing Relief Notification (Transitional Year),FOREIGN_LODGMENT_NOTIFICATION,Foreign lodgment / double filing relief notification,Notification,No,No,No
CZ,GloBE Information Return - Standard,LOCAL_GIR_FILING,GloBE Information Return / local GIR filing,GIR filing,Yes,No,No
CZ,GloBE Information Return - Transitional,LOCAL_GIR_FILING,GloBE Information Return / local GIR filing,GIR filing,Yes,No,No
CZ,GloBE Return,COMBINED_LOCAL_TOP_UP_TAX_RETURN,GloBE / local top-up tax return,Return,No,No,Yes
DM,Double Filing Relief Notification (Standard),FOREIGN_LODGMENT_NOTIFICATION,Foreign lodgment / double filing relief notification,Notification,No,No,No
DM,Double Filing Relief Notification (Transitional Year),FOREIGN_LODGMENT_NOTIFICATION,Foreign lodgment / double filing relief notification,Notification,No,No,No
DM,GloBE Information Return - Standard,LOCAL_GIR_FILING,GloBE Information Return / local GIR filing,GIR filing,Yes,No,No
DM,GloBE Information Return - Transitional,LOCAL_GIR_FILING,GloBE Information Return / local GIR filing,GIR filing,Yes,No,No
DM,Payment,PAYMENT,Payment / instalment / balancing payment,Payment,No,No,No
DM,Payment,PAYMENT,Payment / instalment / balancing payment,Payment,No,No,No
DM,Registration,REGISTRATION_PORTAL_ACCESS,Registration / portal access,Registration,No,No,No
FI,Double Filing Relief Notification (Standard),FOREIGN_LODGMENT_NOTIFICATION,Foreign lodgment / double filing relief notification,Notification,No,No,No
FI,Double Filing Relief Notification (Transitional Year),FOREIGN_LODGMENT_NOTIFICATION,Foreign lodgment / double filing relief notification,Notification,No,No,No
FI,GloBE Information Return - Standard,LOCAL_GIR_FILING,GloBE Information Return / local GIR filing,GIR filing,Yes,No,No
FI,GloBE Information Return - Transitional,LOCAL_GIR_FILING,GloBE Information Return / local GIR filing,GIR filing,Yes,No,No
FI,GloBE Return,COMBINED_LOCAL_TOP_UP_TAX_RETURN,GloBE / local top-up tax return,Return,No,No,Yes
FI,GloBE Return,COMBINED_LOCAL_TOP_UP_TAX_RETURN,GloBE / local top-up tax return,Return,No,No,Yes
FR,Double Filing Relief Notification (Standard),FOREIGN_LODGMENT_NOTIFICATION,Foreign lodgment / double filing relief notification,Notification,No,No,No
FR,Double Filing Relief Notification (Transitional Year),FOREIGN_LODGMENT_NOTIFICATION,Foreign lodgment / double filing relief notification,Notification,No,No,No
FR,GloBE Information Return - Standard,LOCAL_GIR_FILING,GloBE Information Return / local GIR filing,GIR filing,Yes,No,No
FR,GloBE Information Return - Transitional,LOCAL_GIR_FILING,GloBE Information Return / local GIR filing,GIR filing,Yes,No,No
FR,GloBE Tax Return,COMBINED_LOCAL_TOP_UP_TAX_RETURN,GloBE / local top-up tax return,Return,No,No,Yes
FR,GloBE Tax Return (Transitional),COMBINED_LOCAL_TOP_UP_TAX_RETURN,GloBE / local top-up tax return,Return,No,No,Yes
FR,Payment,PAYMENT,Payment / instalment / balancing payment,Payment,No,No,No
FR,Payment (Transitional),PAYMENT,Payment / instalment / balancing payment,Payment,No,No,No
FR,Registration,REGISTRATION_PORTAL_ACCESS,Registration / portal access,Registration,No,No,No
DE,GloBE Information Return,LOCAL_GIR_FILING,GloBE Information Return / local GIR filing,GIR filing,Yes,No,No
DE,GloBE Information Return (Transitional),LOCAL_GIR_FILING,GloBE Information Return / local GIR filing,GIR filing,Yes,No,No
DE,GloBE Tax Return,COMBINED_LOCAL_TOP_UP_TAX_RETURN,GloBE / local top-up tax return,Return,No,No,Yes
DE,GloBE Tax Return (Transitional),COMBINED_LOCAL_TOP_UP_TAX_RETURN,GloBE / local top-up tax return,Return,No,No,Yes
DE,Group Parent Notification,OTHER_PILLAR_TWO_NOTIFICATION,Other Pillar Two notification / election,Notification,No,No,Yes
DE,Payment,PAYMENT,Payment / instalment / balancing payment,Payment,No,No,No
DE,Payment (Transitional Year),PAYMENT,Payment / instalment / balancing payment,Payment,No,No,No
GI,Double Filing Relief Notification (Standard),FOREIGN_LODGMENT_NOTIFICATION,Foreign lodgment / double filing relief notification,Notification,No,No,No
GI,Double Filing Relief Notification (Transitional Year),FOREIGN_LODGMENT_NOTIFICATION,Foreign lodgment / double filing relief notification,Notification,No,No,No
GI,GloBE Information Return - Standard,LOCAL_GIR_FILING,GloBE Information Return / local GIR filing,GIR filing,Yes,No,No
GI,GloBE Information Return - Transitional,LOCAL_GIR_FILING,GloBE Information Return / local GIR filing,GIR filing,Yes,No,No
GI,GloBE Tax Return,COMBINED_LOCAL_TOP_UP_TAX_RETURN,GloBE / local top-up tax return,Return,No,No,Yes
GI,GloBE Tax Return (Transitional),COMBINED_LOCAL_TOP_UP_TAX_RETURN,GloBE / local top-up tax return,Return,No,No,Yes
GI,Payment,PAYMENT,Payment / instalment / balancing payment,Payment,No,No,No
GI,Payment (Transitional),PAYMENT,Payment / instalment / balancing payment,Payment,No,No,No
GI,Registration,REGISTRATION_PORTAL_ACCESS,Registration / portal access,Registration,No,No,No
GI,Registration (Transitional),REGISTRATION_PORTAL_ACCESS,Registration / portal access,Registration,No,No,No
GR,Double Filing Relief Notification (Standard),FOREIGN_LODGMENT_NOTIFICATION,Foreign lodgment / double filing relief notification,Notification,No,No,No
GR,Double Filing Relief Notification (Transitional Year),FOREIGN_LODGMENT_NOTIFICATION,Foreign lodgment / double filing relief notification,Notification,No,No,No
GR,GloBE Information Return - Standard,LOCAL_GIR_FILING,GloBE Information Return / local GIR filing,GIR filing,Yes,No,No
GR,GloBE Information Return - Transitional,LOCAL_GIR_FILING,GloBE Information Return / local GIR filing,GIR filing,Yes,No,No
GR,GloBE Tax Return,COMBINED_LOCAL_TOP_UP_TAX_RETURN,GloBE / local top-up tax return,Return,No,No,Yes
GR,GloBE Tax Return (Transitional),COMBINED_LOCAL_TOP_UP_TAX_RETURN,GloBE / local top-up tax return,Return,No,No,Yes
GR,Payment,PAYMENT,Payment / instalment / balancing payment,Payment,No,No,No
GR,Payment (Transitional),PAYMENT,Payment / instalment / balancing payment,Payment,No,No,No
GU,DMTT Return,QDMTT_RETURN,DMTT / QDMTT return,Return,No,Yes,No
GU,DMTT Return (Transitional Year),QDMTT_RETURN,DMTT / QDMTT return,Return,No,Yes,No
GU,GloBE Information Return - Standard,LOCAL_GIR_FILING,GloBE Information Return / local GIR filing,GIR filing,Yes,No,No
GU,GloBE Information Return - Transitional,LOCAL_GIR_FILING,GloBE Information Return / local GIR filing,GIR filing,Yes,No,No
GU,GloBE Tax Return,COMBINED_LOCAL_TOP_UP_TAX_RETURN,GloBE / local top-up tax return,Return,No,No,Yes
GU,GloBE Tax Return (Transitional Year),COMBINED_LOCAL_TOP_UP_TAX_RETURN,GloBE / local top-up tax return,Return,No,No,Yes
GU,Payment,PAYMENT,Payment / instalment / balancing payment,Payment,No,No,No
GU,Payment (Transitional),PAYMENT,Payment / instalment / balancing payment,Payment,No,No,No
GU,Registration,REGISTRATION_PORTAL_ACCESS,Registration / portal access,Registration,No,No,No
HK,Double Filing Relief Notification (Standard),FOREIGN_LODGMENT_NOTIFICATION,Foreign lodgment / double filing relief notification,Notification,No,No,No
HK,Double Filing Relief Notification (Transitional Year),FOREIGN_LODGMENT_NOTIFICATION,Foreign lodgment / double filing relief notification,Notification,No,No,No
HK,GloBE Information Return - Standard,LOCAL_GIR_FILING,GloBE Information Return / local GIR filing,GIR filing,Yes,No,No
HK,GloBE Information Return - Transitional,LOCAL_GIR_FILING,GloBE Information Return / local GIR filing,GIR filing,Yes,No,No
HK,GloBE Tax Return (Transitional),COMBINED_LOCAL_TOP_UP_TAX_RETURN,GloBE / local top-up tax return,Return,No,No,Yes
HK,GloBETax Return,COMBINED_LOCAL_TOP_UP_TAX_RETURN,GloBE / local top-up tax return,Return,No,No,Yes
HK,Payment,PAYMENT,Payment / instalment / balancing payment,Payment,No,No,No
HK,Payment (Transitional Year),PAYMENT,Payment / instalment / balancing payment,Payment,No,No,No
HK,Registration,REGISTRATION_PORTAL_ACCESS,Registration / portal access,Registration,No,No,No
HU,Double Filing Relief Notification (Standard),FOREIGN_LODGMENT_NOTIFICATION,Foreign lodgment / double filing relief notification,Notification,No,No,No
HU,Double Filing Relief Notification (Transitional Year),FOREIGN_LODGMENT_NOTIFICATION,Foreign lodgment / double filing relief notification,Notification,No,No,No
HU,GloBE Information Return - Standard,LOCAL_GIR_FILING,GloBE Information Return / local GIR filing,GIR filing,Yes,No,No
HU,GloBE Information Return - Transitional,LOCAL_GIR_FILING,GloBE Information Return / local GIR filing,GIR filing,Yes,No,No
HU,GloBE Tax Return,COMBINED_LOCAL_TOP_UP_TAX_RETURN,GloBE / local top-up tax return,Return,No,No,Yes
HU,GloBE Tax Return (Transitional),COMBINED_LOCAL_TOP_UP_TAX_RETURN,GloBE / local top-up tax return,Return,No,No,Yes
HU,Payment,PAYMENT,Payment / instalment / balancing payment,Payment,No,No,No
HU,Payment (Transitional Year),PAYMENT,Payment / instalment / balancing payment,Payment,No,No,No
HU,QDMTT Advance Payment,QDMTT_RETURN,DMTT / QDMTT return,Return,No,Yes,No
HU,Registration,REGISTRATION_PORTAL_ACCESS,Registration / portal access,Registration,No,No,No
IS,Double Filing Relief Notification (Standard),FOREIGN_LODGMENT_NOTIFICATION,Foreign lodgment / double filing relief notification,Notification,No,No,No
IS,Double Filing Relief Notification (Transitional Year),FOREIGN_LODGMENT_NOTIFICATION,Foreign lodgment / double filing relief notification,Notification,No,No,No
IS,GloBE Information Return - Standard,LOCAL_GIR_FILING,GloBE Information Return / local GIR filing,GIR filing,Yes,No,No
IS,GloBE Information Return - Transitional,LOCAL_GIR_FILING,GloBE Information Return / local GIR filing,GIR filing,Yes,No,No
IN,DMTT Return,QDMTT_RETURN,DMTT / QDMTT return,Return,No,Yes,No
IN,DMTT Return (Transitional),QDMTT_RETURN,DMTT / QDMTT return,Return,No,Yes,No
IN,Double Filing Relief Notification (Standard),FOREIGN_LODGMENT_NOTIFICATION,Foreign lodgment / double filing relief notification,Notification,No,No,No
IN,Double Filing Relief Notification (Transitional Year),FOREIGN_LODGMENT_NOTIFICATION,Foreign lodgment / double filing relief notification,Notification,No,No,No
IN,GloBE Information Return - Standard,LOCAL_GIR_FILING,GloBE Information Return / local GIR filing,GIR filing,Yes,No,No
IN,GloBE Information Return - Transitional,LOCAL_GIR_FILING,GloBE Information Return / local GIR filing,GIR filing,Yes,No,No
IN,GloBE Tax Return,COMBINED_LOCAL_TOP_UP_TAX_RETURN,GloBE / local top-up tax return,Return,No,No,Yes
IN,GloBE Tax Return (Transitional Year),COMBINED_LOCAL_TOP_UP_TAX_RETURN,GloBE / local top-up tax return,Return,No,No,Yes
IN,Payment,PAYMENT,Payment / instalment / balancing payment,Payment,No,No,No
IN,Registration,REGISTRATION_PORTAL_ACCESS,Registration / portal access,Registration,No,No,No
IE,DMTT Return,QDMTT_RETURN,DMTT / QDMTT return,Return,No,Yes,No
IE,DMTT Return (Transitional Year),QDMTT_RETURN,DMTT / QDMTT return,Return,No,Yes,No
IE,Double Filing Relief Notification (Standard),FOREIGN_LODGMENT_NOTIFICATION,Foreign lodgment / double filing relief notification,Notification,No,No,No
IE,Double Filing Relief Notification (Transitional Year),FOREIGN_LODGMENT_NOTIFICATION,Foreign lodgment / double filing relief notification,Notification,No,No,No
IE,GloBE Information Return - Standard,LOCAL_GIR_FILING,GloBE Information Return / local GIR filing,GIR filing,Yes,No,No
IE,GloBE Information Return - Transitional,LOCAL_GIR_FILING,GloBE Information Return / local GIR filing,GIR filing,Yes,No,No
IE,GloBE Tax Return,COMBINED_LOCAL_TOP_UP_TAX_RETURN,GloBE / local top-up tax return,Return,No,No,Yes
IE,GloBE Tax Return (Transitional Year),COMBINED_LOCAL_TOP_UP_TAX_RETURN,GloBE / local top-up tax return,Return,No,No,Yes
IE,Payment,PAYMENT,Payment / instalment / balancing payment,Payment,No,No,No
IE,Payment (Transitional Year),PAYMENT,Payment / instalment / balancing payment,Payment,No,No,No
IE,Registration,REGISTRATION_PORTAL_ACCESS,Registration / portal access,Registration,No,No,No
IE,Registration (Transitional),REGISTRATION_PORTAL_ACCESS,Registration / portal access,Registration,No,No,No
IM,Below Threshold Notification,OTHER_PILLAR_TWO_NOTIFICATION,Other Pillar Two notification / election,Notification,No,No,Yes
IM,Below-Threshold Notification,OTHER_PILLAR_TWO_NOTIFICATION,Other Pillar Two notification / election,Notification,No,No,Yes
IM,DMTT Return,QDMTT_RETURN,DMTT / QDMTT return,Return,No,Yes,No
IM,DMTT Return (Transitional Year),QDMTT_RETURN,DMTT / QDMTT return,Return,No,Yes,No
IM,Double Filing Relief Notification (Standard),FOREIGN_LODGMENT_NOTIFICATION,Foreign lodgment / double filing relief notification,Notification,No,No,No
IM,Double Filing Relief Notification (Transitional Year),FOREIGN_LODGMENT_NOTIFICATION,Foreign lodgment / double filing relief notification,Notification,No,No,No
IM,GloBE Information Return - Standard,LOCAL_GIR_FILING,GloBE Information Return / local GIR filing,GIR filing,Yes,No,No
IM,GloBE Information Return - Transitional,LOCAL_GIR_FILING,GloBE Information Return / local GIR filing,GIR filing,Yes,No,No
IM,GloBE Tax Return,COMBINED_LOCAL_TOP_UP_TAX_RETURN,GloBE / local top-up tax return,Return,No,No,Yes
IM,GloBE Tax Return (Transitional),COMBINED_LOCAL_TOP_UP_TAX_RETURN,GloBE / local top-up tax return,Return,No,No,Yes
IM,Payment,PAYMENT,Payment / instalment / balancing payment,Payment,No,No,No
IM,Payment (Transitonal Year),PAYMENT,Payment / instalment / balancing payment,Payment,No,No,No
IM,Registration,REGISTRATION_PORTAL_ACCESS,Registration / portal access,Registration,No,No,No
IT,Double Filing Relief Notification (Standard),FOREIGN_LODGMENT_NOTIFICATION,Foreign lodgment / double filing relief notification,Notification,No,No,No
IT,Double Filing Relief Notification (Transitional Year),FOREIGN_LODGMENT_NOTIFICATION,Foreign lodgment / double filing relief notification,Notification,No,No,No
IT,GloBE Information Return - Standard,LOCAL_GIR_FILING,GloBE Information Return / local GIR filing,GIR filing,Yes,No,No
IT,GloBE Information Return - Transitional,LOCAL_GIR_FILING,GloBE Information Return / local GIR filing,GIR filing,Yes,No,No
IT,GloBE Tax Return,COMBINED_LOCAL_TOP_UP_TAX_RETURN,GloBE / local top-up tax return,Return,No,No,Yes
IT,GloBE Tax Return (Transitional),COMBINED_LOCAL_TOP_UP_TAX_RETURN,GloBE / local top-up tax return,Return,No,No,Yes
IT,Payment,PAYMENT,Payment / instalment / balancing payment,Payment,No,No,No
IT,Payment,PAYMENT,Payment / instalment / balancing payment,Payment,No,No,No
IT,Payment (Transitional),PAYMENT,Payment / instalment / balancing payment,Payment,No,No,No
JP,DMTT Return,QDMTT_RETURN,DMTT / QDMTT return,Return,No,Yes,No
JP,DMTT Return (Transitional),QDMTT_RETURN,DMTT / QDMTT return,Return,No,Yes,No
JP,Double Filing Relief Notification (Standard),FOREIGN_LODGMENT_NOTIFICATION,Foreign lodgment / double filing relief notification,Notification,No,No,No
JP,Double Filing Relief Notification (Transitional Year),FOREIGN_LODGMENT_NOTIFICATION,Foreign lodgment / double filing relief notification,Notification,No,No,No
JP,GloBE Information Return - Standard,LOCAL_GIR_FILING,GloBE Information Return / local GIR filing,GIR filing,Yes,No,No
JP,GloBE Information Return - Transitional,LOCAL_GIR_FILING,GloBE Information Return / local GIR filing,GIR filing,Yes,No,No
JP,GloBE Tax Return,COMBINED_LOCAL_TOP_UP_TAX_RETURN,GloBE / local top-up tax return,Return,No,No,Yes
JP,GloBE Tax Return (Transitional),COMBINED_LOCAL_TOP_UP_TAX_RETURN,GloBE / local top-up tax return,Return,No,No,Yes
JP,Payment,PAYMENT,Payment / instalment / balancing payment,Payment,No,No,No
JP,Payment (Transitional),PAYMENT,Payment / instalment / balancing payment,Payment,No,No,No
JE,Double Filing Relief Notification (Standard),FOREIGN_LODGMENT_NOTIFICATION,Foreign lodgment / double filing relief notification,Notification,No,No,No
JE,Double Filing Relief Notification (Transitional Year),FOREIGN_LODGMENT_NOTIFICATION,Foreign lodgment / double filing relief notification,Notification,No,No,No
JE,GloBE Information Return - Standard,LOCAL_GIR_FILING,GloBE Information Return / local GIR filing,GIR filing,Yes,No,No
JE,GloBE Information Return - Transitional,LOCAL_GIR_FILING,GloBE Information Return / local GIR filing,GIR filing,Yes,No,No
JE,GloBE Tax Return,COMBINED_LOCAL_TOP_UP_TAX_RETURN,GloBE / local top-up tax return,Return,No,No,Yes
JE,GloBE Tax Return (Transitional),COMBINED_LOCAL_TOP_UP_TAX_RETURN,GloBE / local top-up tax return,Return,No,No,Yes
JE,Payment,PAYMENT,Payment / instalment / balancing payment,Payment,No,No,No
JE,Payment (Transitional),PAYMENT,Payment / instalment / balancing payment,Payment,No,No,No
JE,Registration,REGISTRATION_PORTAL_ACCESS,Registration / portal access,Registration,No,No,No
JE,Registration (Transitional),REGISTRATION_PORTAL_ACCESS,Registration / portal access,Registration,No,No,No
KE,GloBE Information Return - Standard,LOCAL_GIR_FILING,GloBE Information Return / local GIR filing,GIR filing,Yes,No,No
KE,GloBE Information Return - Transitional,LOCAL_GIR_FILING,GloBE Information Return / local GIR filing,GIR filing,Yes,No,No
KE,GloBE Tax Return,COMBINED_LOCAL_TOP_UP_TAX_RETURN,GloBE / local top-up tax return,Return,No,No,Yes
KE,Payment,PAYMENT,Payment / instalment / balancing payment,Payment,No,No,No
KE,Registration,REGISTRATION_PORTAL_ACCESS,Registration / portal access,Registration,No,No,No
KU,DMTT Return,QDMTT_RETURN,DMTT / QDMTT return,Return,No,Yes,No
KU,Payment,PAYMENT,Payment / instalment / balancing payment,Payment,No,No,No
KU,Registration,REGISTRATION_PORTAL_ACCESS,Registration / portal access,Registration,No,No,No
KU,Registration,REGISTRATION_PORTAL_ACCESS,Registration / portal access,Registration,No,No,No
LI,GloBE Tax Return,COMBINED_LOCAL_TOP_UP_TAX_RETURN,GloBE / local top-up tax return,Return,No,No,Yes
LI,Registration,REGISTRATION_PORTAL_ACCESS,Registration / portal access,Registration,No,No,No
LT,Data Transfer Confirmation Notification,OTHER_PILLAR_TWO_NOTIFICATION,Other Pillar Two notification / election,Notification,No,No,Yes
LT,Data Transfer Confirmation Notification (Transitional Year),OTHER_PILLAR_TWO_NOTIFICATION,Other Pillar Two notification / election,Notification,No,No,Yes
LT,Designated Data Reporting Entity Notification,OTHER_PILLAR_TWO_NOTIFICATION,Other Pillar Two notification / election,Notification,No,No,Yes
LT,Double Filing Relief Notification (Standard),FOREIGN_LODGMENT_NOTIFICATION,Foreign lodgment / double filing relief notification,Notification,No,No,No
LT,Double Filing Relief Notification (Transitional Year),FOREIGN_LODGMENT_NOTIFICATION,Foreign lodgment / double filing relief notification,Notification,No,No,No
LT,GloBE Information Return - Standard,LOCAL_GIR_FILING,GloBE Information Return / local GIR filing,GIR filing,Yes,No,No
LT,GloBE Information Return - Transitional,LOCAL_GIR_FILING,GloBE Information Return / local GIR filing,GIR filing,Yes,No,No
LT,GloBE Tax Return,COMBINED_LOCAL_TOP_UP_TAX_RETURN,GloBE / local top-up tax return,Return,No,No,Yes
LT,GloBE Tax Return (Transitional Year),COMBINED_LOCAL_TOP_UP_TAX_RETURN,GloBE / local top-up tax return,Return,No,No,Yes
LT,Initial Stage of International Activity Notification,OTHER_PILLAR_TWO_NOTIFICATION,Other Pillar Two notification / election,Notification,No,No,Yes
LT,Payment,PAYMENT,Payment / instalment / balancing payment,Payment,No,No,No
LT,Payment (Transitional Year),PAYMENT,Payment / instalment / balancing payment,Payment,No,No,No
LT,QDMTT Return,QDMTT_RETURN,DMTT / QDMTT return,Return,No,Yes,No
LT,QDMTT Return (Transitional Year),QDMTT_RETURN,DMTT / QDMTT return,Return,No,Yes,No
LU,Double Filing Relief Notification (Standard),FOREIGN_LODGMENT_NOTIFICATION,Foreign lodgment / double filing relief notification,Notification,No,No,No
LU,Double Filing Relief Notification (Transitional Year),FOREIGN_LODGMENT_NOTIFICATION,Foreign lodgment / double filing relief notification,Notification,No,No,No
LU,GloBE Information Return - Standard,LOCAL_GIR_FILING,GloBE Information Return / local GIR filing,GIR filing,Yes,No,No
LU,GloBE Information Return - Transitional,LOCAL_GIR_FILING,GloBE Information Return / local GIR filing,GIR filing,Yes,No,No
LU,GloBE Tax Return,COMBINED_LOCAL_TOP_UP_TAX_RETURN,GloBE / local top-up tax return,Return,No,No,Yes
LU,GloBE Tax Return (Transitional),COMBINED_LOCAL_TOP_UP_TAX_RETURN,GloBE / local top-up tax return,Return,No,No,Yes
LU,Payment,PAYMENT,Payment / instalment / balancing payment,Payment,No,No,No
LU,Payment (Transitional),PAYMENT,Payment / instalment / balancing payment,Payment,No,No,No
LU,Registration,REGISTRATION_PORTAL_ACCESS,Registration / portal access,Registration,No,No,No
LU,Registration (Transitional),REGISTRATION_PORTAL_ACCESS,Registration / portal access,Registration,No,No,No
MY,Double Filing Relief Notification (Standard),FOREIGN_LODGMENT_NOTIFICATION,Foreign lodgment / double filing relief notification,Notification,No,No,No
MY,Double Filing Relief Notification (Transitional Year),FOREIGN_LODGMENT_NOTIFICATION,Foreign lodgment / double filing relief notification,Notification,No,No,No
MY,GloBE Information Return - Standard,LOCAL_GIR_FILING,GloBE Information Return / local GIR filing,GIR filing,Yes,No,No
MY,GloBE Information Return - Transitional,LOCAL_GIR_FILING,GloBE Information Return / local GIR filing,GIR filing,Yes,No,No
MY,GloBE Tax Return,COMBINED_LOCAL_TOP_UP_TAX_RETURN,GloBE / local top-up tax return,Return,No,No,Yes
MY,GloBE Tax Return (Transitional),COMBINED_LOCAL_TOP_UP_TAX_RETURN,GloBE / local top-up tax return,Return,No,No,Yes
MY,Payment,PAYMENT,Payment / instalment / balancing payment,Payment,No,No,No
MY,Payment (Transitional),PAYMENT,Payment / instalment / balancing payment,Payment,No,No,No
MU,GloBE Tax Return,COMBINED_LOCAL_TOP_UP_TAX_RETURN,GloBE / local top-up tax return,Return,No,No,Yes
MU,Payment,PAYMENT,Payment / instalment / balancing payment,Payment,No,No,No
MU,Registration,REGISTRATION_PORTAL_ACCESS,Registration / portal access,Registration,No,No,No
ME,DMTT Information Return,QDMTT_RETURN,DMTT / QDMTT return,Return,No,Yes,No
ME,DMTT Return,QDMTT_RETURN,DMTT / QDMTT return,Return,No,Yes,No
ME,Payment,PAYMENT,Payment / instalment / balancing payment,Payment,No,No,No
NL,Double Filing Relief Notification (Standard),FOREIGN_LODGMENT_NOTIFICATION,Foreign lodgment / double filing relief notification,Notification,No,No,No
NL,Double Filing Relief Notification (Transitional Year),FOREIGN_LODGMENT_NOTIFICATION,Foreign lodgment / double filing relief notification,Notification,No,No,No
NL,GloBE Information Return - Standard,LOCAL_GIR_FILING,GloBE Information Return / local GIR filing,GIR filing,Yes,No,No
NL,GloBE Information Return - Transitional,LOCAL_GIR_FILING,GloBE Information Return / local GIR filing,GIR filing,Yes,No,No
NL,GloBE Tax Return,COMBINED_LOCAL_TOP_UP_TAX_RETURN,GloBE / local top-up tax return,Return,No,No,Yes
NL,GloBE Tax Return (Transitional Year),COMBINED_LOCAL_TOP_UP_TAX_RETURN,GloBE / local top-up tax return,Return,No,No,Yes
NL,Payment,PAYMENT,Payment / instalment / balancing payment,Payment,No,No,No
NL,Payment (Transitional Year),PAYMENT,Payment / instalment / balancing payment,Payment,No,No,No
NZ,Double Filing Relief Notification (Standard),FOREIGN_LODGMENT_NOTIFICATION,Foreign lodgment / double filing relief notification,Notification,No,No,No
NZ,Double Filing Relief Notification (Transitional Year),FOREIGN_LODGMENT_NOTIFICATION,Foreign lodgment / double filing relief notification,Notification,No,No,No
NZ,GloBE Information Return - Standard,LOCAL_GIR_FILING,GloBE Information Return / local GIR filing,GIR filing,Yes,No,No
NZ,GloBE Information Return - Transitional,LOCAL_GIR_FILING,GloBE Information Return / local GIR filing,GIR filing,Yes,No,No
NZ,GloBE Tax Return,COMBINED_LOCAL_TOP_UP_TAX_RETURN,GloBE / local top-up tax return,Return,No,No,Yes
NZ,GloBE Tax Return (Transitional),COMBINED_LOCAL_TOP_UP_TAX_RETURN,GloBE / local top-up tax return,Return,No,No,Yes
NZ,Payment,PAYMENT,Payment / instalment / balancing payment,Payment,No,No,No
NZ,Payment (Transitional),PAYMENT,Payment / instalment / balancing payment,Payment,No,No,No
NZ,Registration,REGISTRATION_PORTAL_ACCESS,Registration / portal access,Registration,No,No,No
NM,DMTT Return,QDMTT_RETURN,DMTT / QDMTT return,Return,No,Yes,No
NM,DMTT Return (Transitional),QDMTT_RETURN,DMTT / QDMTT return,Return,No,Yes,No
NM,Double Filing Relief Notification (Standard),FOREIGN_LODGMENT_NOTIFICATION,Foreign lodgment / double filing relief notification,Notification,No,No,No
NM,Double Filing Relief Notification (Transitional Year),FOREIGN_LODGMENT_NOTIFICATION,Foreign lodgment / double filing relief notification,Notification,No,No,No
NM,GloBE Information Return - Standard,LOCAL_GIR_FILING,GloBE Information Return / local GIR filing,GIR filing,Yes,No,No
NM,GloBE Information Return - Transitional,LOCAL_GIR_FILING,GloBE Information Return / local GIR filing,GIR filing,Yes,No,No
NM,GloBE Tax Return,COMBINED_LOCAL_TOP_UP_TAX_RETURN,GloBE / local top-up tax return,Return,No,No,Yes
NM,GloBE Tax Return (Transitional),COMBINED_LOCAL_TOP_UP_TAX_RETURN,GloBE / local top-up tax return,Return,No,No,Yes
NM,Payment,PAYMENT,Payment / instalment / balancing payment,Payment,No,No,No
NM,Payment (Transitional),PAYMENT,Payment / instalment / balancing payment,Payment,No,No,No
NO,GloBE Information Return - Standard,LOCAL_GIR_FILING,GloBE Information Return / local GIR filing,GIR filing,Yes,No,No
NO,GloBE Information Return - Transitional,LOCAL_GIR_FILING,GloBE Information Return / local GIR filing,GIR filing,Yes,No,No
NO,GloBE Tax Return,COMBINED_LOCAL_TOP_UP_TAX_RETURN,GloBE / local top-up tax return,Return,No,No,Yes
NO,GloBE Tax Return (Transitional),COMBINED_LOCAL_TOP_UP_TAX_RETURN,GloBE / local top-up tax return,Return,No,No,Yes
PL,DMTT Return,QDMTT_RETURN,DMTT / QDMTT return,Return,No,Yes,No
PL,DMTT Return (Transitional),QDMTT_RETURN,DMTT / QDMTT return,Return,No,Yes,No
PL,Designated Entity Notification,OTHER_PILLAR_TWO_NOTIFICATION,Other Pillar Two notification / election,Notification,No,No,Yes
PL,Designated Entity Notification (Transition Year),OTHER_PILLAR_TWO_NOTIFICATION,Other Pillar Two notification / election,Notification,No,No,Yes
PL,Double Filing Relief Notification (Standard),FOREIGN_LODGMENT_NOTIFICATION,Foreign lodgment / double filing relief notification,Notification,No,No,No
PL,Double Filing Relief Notification (Transitional Year),FOREIGN_LODGMENT_NOTIFICATION,Foreign lodgment / double filing relief notification,Notification,No,No,No
PL,GloBE Information Return - Standard,LOCAL_GIR_FILING,GloBE Information Return / local GIR filing,GIR filing,Yes,No,No
PL,GloBE Information Return - Transitional,LOCAL_GIR_FILING,GloBE Information Return / local GIR filing,GIR filing,Yes,No,No
PL,GloBE Tax Return,COMBINED_LOCAL_TOP_UP_TAX_RETURN,GloBE / local top-up tax return,Return,No,No,Yes
PL,GloBE Tax Return (Transitional),COMBINED_LOCAL_TOP_UP_TAX_RETURN,GloBE / local top-up tax return,Return,No,No,Yes
PL,Initial Phase of International Activity Notification,OTHER_PILLAR_TWO_NOTIFICATION,Other Pillar Two notification / election,Notification,No,No,Yes
PL,Initial Phase of International Activity Notification,OTHER_PILLAR_TWO_NOTIFICATION,Other Pillar Two notification / election,Notification,No,No,Yes
PL,Payment,PAYMENT,Payment / instalment / balancing payment,Payment,No,No,No
PL,Payment (Transitional),PAYMENT,Payment / instalment / balancing payment,Payment,No,No,No
PL,Retrospection election,OTHER_PILLAR_TWO_NOTIFICATION,Other Pillar Two notification / election,Notification,No,No,Yes
PT,Double Filing Relief Notification (Standard),FOREIGN_LODGMENT_NOTIFICATION,Foreign lodgment / double filing relief notification,Notification,No,No,No
PT,Double Filing Relief Notification (Transitional Year),FOREIGN_LODGMENT_NOTIFICATION,Foreign lodgment / double filing relief notification,Notification,No,No,No
PT,GloBE Information Return - Standard,LOCAL_GIR_FILING,GloBE Information Return / local GIR filing,GIR filing,Yes,No,No
PT,GloBE Information Return - Transitional,LOCAL_GIR_FILING,GloBE Information Return / local GIR filing,GIR filing,Yes,No,No
PT,GloBE Tax Return,COMBINED_LOCAL_TOP_UP_TAX_RETURN,GloBE / local top-up tax return,Return,No,No,Yes
PT,GloBE Tax Return (Transitional),COMBINED_LOCAL_TOP_UP_TAX_RETURN,GloBE / local top-up tax return,Return,No,No,Yes
PT,International Phase of International Activity Notification,OTHER_PILLAR_TWO_NOTIFICATION,Other Pillar Two notification / election,Notification,No,No,Yes
PT,International Phase of International Activity Notification,OTHER_PILLAR_TWO_NOTIFICATION,Other Pillar Two notification / election,Notification,No,No,Yes
PT,Payment,PAYMENT,Payment / instalment / balancing payment,Payment,No,No,No
PT,Payment (Transitional),PAYMENT,Payment / instalment / balancing payment,Payment,No,No,No
PT,Registration,REGISTRATION_PORTAL_ACCESS,Registration / portal access,Registration,No,No,No
PT,Registration (Transitional),REGISTRATION_PORTAL_ACCESS,Registration / portal access,Registration,No,No,No
PT,Registration (Transitional),REGISTRATION_PORTAL_ACCESS,Registration / portal access,Registration,No,No,No
QA,Double Filing Relief Notification (Standard),FOREIGN_LODGMENT_NOTIFICATION,Foreign lodgment / double filing relief notification,Notification,No,No,No
QA,Double Filing Relief Notification (Transitional Year),FOREIGN_LODGMENT_NOTIFICATION,Foreign lodgment / double filing relief notification,Notification,No,No,No
QA,GloBE Information Return - Standard,LOCAL_GIR_FILING,GloBE Information Return / local GIR filing,GIR filing,Yes,No,No
QA,GloBE Information Return - Transitional,LOCAL_GIR_FILING,GloBE Information Return / local GIR filing,GIR filing,Yes,No,No
QA,IIR Tax Return,IIR_RETURN,IIR return,Return,No,No,No
QA,IIR Tax Return (Transitional Year),IIR_RETURN,IIR return,Return,No,No,No
QA,Payment,PAYMENT,Payment / instalment / balancing payment,Payment,No,No,No
QA,Payment (Transitional Year),PAYMENT,Payment / instalment / balancing payment,Payment,No,No,No
QA,QDMTT Return,QDMTT_RETURN,DMTT / QDMTT return,Return,No,Yes,No
QA,QDMTT Return (Transitional Year),QDMTT_RETURN,DMTT / QDMTT return,Return,No,Yes,No
RO,DMTT Return,QDMTT_RETURN,DMTT / QDMTT return,Return,No,Yes,No
RO,DMTT Return (Transitional),QDMTT_RETURN,DMTT / QDMTT return,Return,No,Yes,No
RO,Designated Filing Entity Notification,OTHER_PILLAR_TWO_NOTIFICATION,Other Pillar Two notification / election,Notification,No,No,Yes
RO,Designated Filing Entity Notification (Transitional Year),OTHER_PILLAR_TWO_NOTIFICATION,Other Pillar Two notification / election,Notification,No,No,Yes
RO,Double Filing Relief Notification (Standard),FOREIGN_LODGMENT_NOTIFICATION,Foreign lodgment / double filing relief notification,Notification,No,No,No
RO,Double Filing Relief Notification (Transitional Year),FOREIGN_LODGMENT_NOTIFICATION,Foreign lodgment / double filing relief notification,Notification,No,No,No
RO,GloBE Information Return - Standard,LOCAL_GIR_FILING,GloBE Information Return / local GIR filing,GIR filing,Yes,No,No
RO,GloBE Information Return - Transitional,LOCAL_GIR_FILING,GloBE Information Return / local GIR filing,GIR filing,Yes,No,No
RO,GloBE Tax Return,COMBINED_LOCAL_TOP_UP_TAX_RETURN,GloBE / local top-up tax return,Return,No,No,Yes
RO,GloBE Tax Return (Transitional),COMBINED_LOCAL_TOP_UP_TAX_RETURN,GloBE / local top-up tax return,Return,No,No,Yes
RO,Payment,PAYMENT,Payment / instalment / balancing payment,Payment,No,No,No
RO,Payment (Transitional),PAYMENT,Payment / instalment / balancing payment,Payment,No,No,No
SG,DMTT Return,QDMTT_RETURN,DMTT / QDMTT return,Return,No,Yes,No
SG,DMTT Return (Transitional),QDMTT_RETURN,DMTT / QDMTT return,Return,No,Yes,No
SG,Double Filing Relief Notification (Standard),FOREIGN_LODGMENT_NOTIFICATION,Foreign lodgment / double filing relief notification,Notification,No,No,No
SG,Double Filing Relief Notification (Transitional Year),FOREIGN_LODGMENT_NOTIFICATION,Foreign lodgment / double filing relief notification,Notification,No,No,No
SG,GloBE Information Return - Standard,LOCAL_GIR_FILING,GloBE Information Return / local GIR filing,GIR filing,Yes,No,No
SG,GloBE Information Return - Transitional,LOCAL_GIR_FILING,GloBE Information Return / local GIR filing,GIR filing,Yes,No,No
SG,GloBE Tax Return,COMBINED_LOCAL_TOP_UP_TAX_RETURN,GloBE / local top-up tax return,Return,No,No,Yes
SG,GloBE Tax Return (Transitional),COMBINED_LOCAL_TOP_UP_TAX_RETURN,GloBE / local top-up tax return,Return,No,No,Yes
SG,Payment,PAYMENT,Payment / instalment / balancing payment,Payment,No,No,No
SG,Payment (Transitional),PAYMENT,Payment / instalment / balancing payment,Payment,No,No,No
SG,Registration,REGISTRATION_PORTAL_ACCESS,Registration / portal access,Registration,No,No,No
SK,DMTT Return,QDMTT_RETURN,DMTT / QDMTT return,Return,No,Yes,No
SK,DMTT Return (Transitional),QDMTT_RETURN,DMTT / QDMTT return,Return,No,Yes,No
SK,Double Filing Relief Notification (Standard),FOREIGN_LODGMENT_NOTIFICATION,Foreign lodgment / double filing relief notification,Notification,No,No,No
SK,Double Filing Relief Notification (Transitional Year),FOREIGN_LODGMENT_NOTIFICATION,Foreign lodgment / double filing relief notification,Notification,No,No,No
SK,GloBE Information Return - Standard,LOCAL_GIR_FILING,GloBE Information Return / local GIR filing,GIR filing,Yes,No,No
SK,GloBE Information Return - Transitional,LOCAL_GIR_FILING,GloBE Information Return / local GIR filing,GIR filing,Yes,No,No
SK,Payment,PAYMENT,Payment / instalment / balancing payment,Payment,No,No,No
SK,Payment (Transitional),PAYMENT,Payment / instalment / balancing payment,Payment,No,No,No
SL,DMTT Return,QDMTT_RETURN,DMTT / QDMTT return,Return,No,Yes,No
SL,DMTT Return (Transitional),QDMTT_RETURN,DMTT / QDMTT return,Return,No,Yes,No
SL,Designated Entity Notification (Transitional),OTHER_PILLAR_TWO_NOTIFICATION,Other Pillar Two notification / election,Notification,No,No,Yes
SL,Designtated Entity Notification,OTHER_PILLAR_TWO_NOTIFICATION,Other Pillar Two notification / election,Notification,No,No,Yes
SL,Double Filing Relief Notification (Standard),FOREIGN_LODGMENT_NOTIFICATION,Foreign lodgment / double filing relief notification,Notification,No,No,No
SL,Double Filing Relief Notification (Transitional Year),FOREIGN_LODGMENT_NOTIFICATION,Foreign lodgment / double filing relief notification,Notification,No,No,No
SL,GloBE Information Return - Standard,LOCAL_GIR_FILING,GloBE Information Return / local GIR filing,GIR filing,Yes,No,No
SL,GloBE Information Return - Transitional,LOCAL_GIR_FILING,GloBE Information Return / local GIR filing,GIR filing,Yes,No,No
SL,GloBE Tax Return,COMBINED_LOCAL_TOP_UP_TAX_RETURN,GloBE / local top-up tax return,Return,No,No,Yes
SL,GloBE Tax Return (Transitional),COMBINED_LOCAL_TOP_UP_TAX_RETURN,GloBE / local top-up tax return,Return,No,No,Yes
SL,Payment,PAYMENT,Payment / instalment / balancing payment,Payment,No,No,No
SL,Payment (Transitional),PAYMENT,Payment / instalment / balancing payment,Payment,No,No,No
SA,Double Filing Relief Notification (Standard),FOREIGN_LODGMENT_NOTIFICATION,Foreign lodgment / double filing relief notification,Notification,No,No,No
SA,Double Filing Relief Notification (Transitional Year),FOREIGN_LODGMENT_NOTIFICATION,Foreign lodgment / double filing relief notification,Notification,No,No,No
SA,GloBE Information Return - Standard,LOCAL_GIR_FILING,GloBE Information Return / local GIR filing,GIR filing,Yes,No,No
SA,GloBE Information Return - Transitional,LOCAL_GIR_FILING,GloBE Information Return / local GIR filing,GIR filing,Yes,No,No
SA,GloBE Tax Return,COMBINED_LOCAL_TOP_UP_TAX_RETURN,GloBE / local top-up tax return,Return,No,No,Yes
SA,GloBE Tax Return (Transitional),COMBINED_LOCAL_TOP_UP_TAX_RETURN,GloBE / local top-up tax return,Return,No,No,Yes
SA,Payment,PAYMENT,Payment / instalment / balancing payment,Payment,No,No,No
SA,Payment (Transitional),PAYMENT,Payment / instalment / balancing payment,Payment,No,No,No
SA,Registration,REGISTRATION_PORTAL_ACCESS,Registration / portal access,Registration,No,No,No
SA,Registration (Transitional),REGISTRATION_PORTAL_ACCESS,Registration / portal access,Registration,No,No,No
KR,DMTT Return,QDMTT_RETURN,DMTT / QDMTT return,Return,No,Yes,No
KR,DMTT Return (Transitional),QDMTT_RETURN,DMTT / QDMTT return,Return,No,Yes,No
KR,Double Filing Relief Notification (Standard),FOREIGN_LODGMENT_NOTIFICATION,Foreign lodgment / double filing relief notification,Notification,No,No,No
KR,Double Filing Relief Notification (Transitional Year),FOREIGN_LODGMENT_NOTIFICATION,Foreign lodgment / double filing relief notification,Notification,No,No,No
KR,GloBE Information Return,LOCAL_GIR_FILING,GloBE Information Return / local GIR filing,GIR filing,Yes,No,No
KR,GloBE Information Return - Standard,LOCAL_GIR_FILING,GloBE Information Return / local GIR filing,GIR filing,Yes,No,No
KR,GloBE Information Return - Transitional,LOCAL_GIR_FILING,GloBE Information Return / local GIR filing,GIR filing,Yes,No,No
KR,GloBE Tax Return (Transitional),COMBINED_LOCAL_TOP_UP_TAX_RETURN,GloBE / local top-up tax return,Return,No,No,Yes
KR,Payment,PAYMENT,Payment / instalment / balancing payment,Payment,No,No,No
KR,Payment (Transitional),PAYMENT,Payment / instalment / balancing payment,Payment,No,No,No
ES,Double Filing Relief Notification (Standard),FOREIGN_LODGMENT_NOTIFICATION,Foreign lodgment / double filing relief notification,Notification,No,No,No
ES,Double Filing Relief Notification (Transitional Year),FOREIGN_LODGMENT_NOTIFICATION,Foreign lodgment / double filing relief notification,Notification,No,No,No
ES,GloBE Information Return - Standard,LOCAL_GIR_FILING,GloBE Information Return / local GIR filing,GIR filing,Yes,No,No
ES,GloBE Information Return - Transitional,LOCAL_GIR_FILING,GloBE Information Return / local GIR filing,GIR filing,Yes,No,No
ES,GloBE Tax Return,COMBINED_LOCAL_TOP_UP_TAX_RETURN,GloBE / local top-up tax return,Return,No,No,Yes
ES,GloBE Tax Return (Transitional),COMBINED_LOCAL_TOP_UP_TAX_RETURN,GloBE / local top-up tax return,Return,No,No,Yes
ES,Payment,PAYMENT,Payment / instalment / balancing payment,Payment,No,No,No
ES,Payment (Transitional),PAYMENT,Payment / instalment / balancing payment,Payment,No,No,No
ES,Payment (Transitional),PAYMENT,Payment / instalment / balancing payment,Payment,No,No,No
ES,Registration,REGISTRATION_PORTAL_ACCESS,Registration / portal access,Registration,No,No,No
ES,Registration (Transitional),REGISTRATION_PORTAL_ACCESS,Registration / portal access,Registration,No,No,No
ES,Registration (Transitional),REGISTRATION_PORTAL_ACCESS,Registration / portal access,Registration,No,No,No
SW,Designated Entity Notification (UTPR),OTHER_PILLAR_TWO_NOTIFICATION,Other Pillar Two notification / election,Notification,No,No,Yes
SW,Double Filing Relief Notification (Standard),FOREIGN_LODGMENT_NOTIFICATION,Foreign lodgment / double filing relief notification,Notification,No,No,No
SW,Double Filing Relief Notification (Transitional Year),FOREIGN_LODGMENT_NOTIFICATION,Foreign lodgment / double filing relief notification,Notification,No,No,No
SW,GloBE Information Return - Standard,LOCAL_GIR_FILING,GloBE Information Return / local GIR filing,GIR filing,Yes,No,No
SW,GloBE Information Return - Transitional,LOCAL_GIR_FILING,GloBE Information Return / local GIR filing,GIR filing,Yes,No,No
SW,GloBE Tax Return,COMBINED_LOCAL_TOP_UP_TAX_RETURN,GloBE / local top-up tax return,Return,No,No,Yes
SW,GloBE Tax Return (Transitional),COMBINED_LOCAL_TOP_UP_TAX_RETURN,GloBE / local top-up tax return,Return,No,No,Yes
SW,Registration,REGISTRATION_PORTAL_ACCESS,Registration / portal access,Registration,No,No,No
CH,Double Filing Relief Notification (Standard),FOREIGN_LODGMENT_NOTIFICATION,Foreign lodgment / double filing relief notification,Notification,No,No,No
CH,Double Filing Relief Notification (Transitional Year),FOREIGN_LODGMENT_NOTIFICATION,Foreign lodgment / double filing relief notification,Notification,No,No,No
CH,GloBE Information Return - Standard,LOCAL_GIR_FILING,GloBE Information Return / local GIR filing,GIR filing,Yes,No,No
CH,GloBE Information Return - Transitional,LOCAL_GIR_FILING,GloBE Information Return / local GIR filing,GIR filing,Yes,No,No
CH,GloBE Tax Return,COMBINED_LOCAL_TOP_UP_TAX_RETURN,GloBE / local top-up tax return,Return,No,No,Yes
CH,GloBE Tax Return (Transitional),COMBINED_LOCAL_TOP_UP_TAX_RETURN,GloBE / local top-up tax return,Return,No,No,Yes
CH,Payment,PAYMENT,Payment / instalment / balancing payment,Payment,No,No,No
CH,Payment (Transitional),PAYMENT,Payment / instalment / balancing payment,Payment,No,No,No
CH,Registration,REGISTRATION_PORTAL_ACCESS,Registration / portal access,Registration,No,No,No
CH,Registration (Transitional),REGISTRATION_PORTAL_ACCESS,Registration / portal access,Registration,No,No,No
TH,Designated Entity Notification,OTHER_PILLAR_TWO_NOTIFICATION,Other Pillar Two notification / election,Notification,No,No,Yes
TH,Double Filing Relief Notification (Standard),FOREIGN_LODGMENT_NOTIFICATION,Foreign lodgment / double filing relief notification,Notification,No,No,No
TH,Double Filing Relief Notification (Transitional Year),FOREIGN_LODGMENT_NOTIFICATION,Foreign lodgment / double filing relief notification,Notification,No,No,No
TH,GloBE Information Return - Standard,LOCAL_GIR_FILING,GloBE Information Return / local GIR filing,GIR filing,Yes,No,No
TH,GloBE Information Return - Transitional,LOCAL_GIR_FILING,GloBE Information Return / local GIR filing,GIR filing,Yes,No,No
TH,GloBE Tax Return,COMBINED_LOCAL_TOP_UP_TAX_RETURN,GloBE / local top-up tax return,Return,No,No,Yes
TH,GloBE Tax Return (Transitional),COMBINED_LOCAL_TOP_UP_TAX_RETURN,GloBE / local top-up tax return,Return,No,No,Yes
TH,Payment,PAYMENT,Payment / instalment / balancing payment,Payment,No,No,No
TH,Payment (Transitional),PAYMENT,Payment / instalment / balancing payment,Payment,No,No,No
TH,Registration,REGISTRATION_PORTAL_ACCESS,Registration / portal access,Registration,No,No,No
TR,DMTT Return,QDMTT_RETURN,DMTT / QDMTT return,Return,No,Yes,No
TR,DMTT Return (Transitional),QDMTT_RETURN,DMTT / QDMTT return,Return,No,Yes,No
TR,Double Filing Relief Notification (Standard),FOREIGN_LODGMENT_NOTIFICATION,Foreign lodgment / double filing relief notification,Notification,No,No,No
TR,Double Filing Relief Notification (Transitional Year),FOREIGN_LODGMENT_NOTIFICATION,Foreign lodgment / double filing relief notification,Notification,No,No,No
TR,General Information Form,LOCAL_ADDITIONAL_INFORMATION_REPORT,Local additional information report,Information report,No,No,Yes
TR,General Information Form,LOCAL_ADDITIONAL_INFORMATION_REPORT,Local additional information report,Information report,No,No,Yes
TR,GloBE Information Return - Standard,LOCAL_GIR_FILING,GloBE Information Return / local GIR filing,GIR filing,Yes,No,No
TR,GloBE Information Return - Transitional,LOCAL_GIR_FILING,GloBE Information Return / local GIR filing,GIR filing,Yes,No,No
TR,GloBE Tax Return,COMBINED_LOCAL_TOP_UP_TAX_RETURN,GloBE / local top-up tax return,Return,No,No,Yes
TR,GloBE Tax Return (Transitional),COMBINED_LOCAL_TOP_UP_TAX_RETURN,GloBE / local top-up tax return,Return,No,No,Yes
TR,Notification Form,OTHER_PILLAR_TWO_NOTIFICATION,Other Pillar Two notification / election,Notification,No,No,Yes
TR,Notification Form,OTHER_PILLAR_TWO_NOTIFICATION,Other Pillar Two notification / election,Notification,No,No,Yes
TR,Payment,PAYMENT,Payment / instalment / balancing payment,Payment,No,No,No
TR,Payment (Transitional),PAYMENT,Payment / instalment / balancing payment,Payment,No,No,No
UAE,DMTT Return,QDMTT_RETURN,DMTT / QDMTT return,Return,No,Yes,No
UAE,DMTT Return (Transitional),QDMTT_RETURN,DMTT / QDMTT return,Return,No,Yes,No
UAE,Double Filing Relief Notification (Standard),FOREIGN_LODGMENT_NOTIFICATION,Foreign lodgment / double filing relief notification,Notification,No,No,No
UAE,Double Filing Relief Notification (Transitional Year),FOREIGN_LODGMENT_NOTIFICATION,Foreign lodgment / double filing relief notification,Notification,No,No,No
UAE,GloBE Information Return - Standard,LOCAL_GIR_FILING,GloBE Information Return / local GIR filing,GIR filing,Yes,No,No
UAE,GloBE Information Return - Transitional,LOCAL_GIR_FILING,GloBE Information Return / local GIR filing,GIR filing,Yes,No,No
UAE,Payment,PAYMENT,Payment / instalment / balancing payment,Payment,No,No,No
UAE,Payment (Transitional),PAYMENT,Payment / instalment / balancing payment,Payment,No,No,No
UK,DMTT Return,QDMTT_RETURN,DMTT / QDMTT return,Return,No,Yes,No
UK,DMTT Return (Transitional),QDMTT_RETURN,DMTT / QDMTT return,Return,No,Yes,No
UK,Double Filing Relief Notification (Standard),FOREIGN_LODGMENT_NOTIFICATION,Foreign lodgment / double filing relief notification,Notification,No,No,No
UK,Double Filing Relief Notification (Transitional Year),FOREIGN_LODGMENT_NOTIFICATION,Foreign lodgment / double filing relief notification,Notification,No,No,No
UK,GloBE Information Return,LOCAL_GIR_FILING,GloBE Information Return / local GIR filing,GIR filing,Yes,No,No
UK,GloBE Information Return (Transitional),LOCAL_GIR_FILING,GloBE Information Return / local GIR filing,GIR filing,Yes,No,No
UK,GloBE Tax Return,COMBINED_LOCAL_TOP_UP_TAX_RETURN,GloBE / local top-up tax return,Return,No,No,Yes
UK,GloBE Tax Return (Transitional),COMBINED_LOCAL_TOP_UP_TAX_RETURN,GloBE / local top-up tax return,Return,No,No,Yes
UK,Payment,PAYMENT,Payment / instalment / balancing payment,Payment,No,No,No
UK,Payment (Transitional),PAYMENT,Payment / instalment / balancing payment,Payment,No,No,No
UK,Registration,REGISTRATION_PORTAL_ACCESS,Registration / portal access,Registration,No,No,No
UY,DMTT Return,QDMTT_RETURN,DMTT / QDMTT return,Return,No,Yes,No
UY,DMTT Return (Transitional),QDMTT_RETURN,DMTT / QDMTT return,Return,No,Yes,No
UY,Payment,PAYMENT,Payment / instalment / balancing payment,Payment,No,No,No
UY,Payment (Transitional),PAYMENT,Payment / instalment / balancing payment,Payment,No,No,No
VN,DMTT Return,QDMTT_RETURN,DMTT / QDMTT return,Return,No,Yes,No
VN,Designated Entity Notification,OTHER_PILLAR_TWO_NOTIFICATION,Other Pillar Two notification / election,Notification,No,No,Yes
VN,Double Filing Relief Notification (Standard),FOREIGN_LODGMENT_NOTIFICATION,Foreign lodgment / double filing relief notification,Notification,No,No,No
VN,Double Filing Relief Notification (Transitional Year),FOREIGN_LODGMENT_NOTIFICATION,Foreign lodgment / double filing relief notification,Notification,No,No,No
VN,GloBE Information Return - Standard,LOCAL_GIR_FILING,GloBE Information Return / local GIR filing,GIR filing,Yes,No,No
VN,GloBE Information Return - Transitional,LOCAL_GIR_FILING,GloBE Information Return / local GIR filing,GIR filing,Yes,No,No
VN,GloBE Tax Return,COMBINED_LOCAL_TOP_UP_TAX_RETURN,GloBE / local top-up tax return,Return,No,No,Yes
VN,GloBE Tax Return (Transitional),COMBINED_LOCAL_TOP_UP_TAX_RETURN,GloBE / local top-up tax return,Return,No,No,Yes
VN,Payment,PAYMENT,Payment / instalment / balancing payment,Payment,No,No,No
VN,Registration,REGISTRATION_PORTAL_ACCESS,Registration / portal access,Registration,No,No,No
VN,Registration (Transitional),REGISTRATION_PORTAL_ACCESS,Registration / portal access,Registration,No,No,No
